artist,song,filename
Bach,Adagio E Siempre Piano,Bach - Adagio E Siempre Piano.gp4
Bach,Air,Bach - Air.gp5
Bach,Air In A G String,Bach - Air In A G String.gp5
Bach,Air In C,Bach - Air In C.gp5
Bach,Allemande (Intro),Bach - Allemande (Intro).gp4
Bach,Allemande From Partita No. 2 In D Minor,Bach - Allemande From Partita No. 2 In D Minor.gp4
Bach,Anh 121 Minuet In C Minor,Bach - Anh 121 Minuet In C Minor.gp5
Bach,Aria,Bach - Aria.gp5
Bach,Aria (Goldberg Variations),Bach - Aria (Goldberg Variations).gp4
Bach,Arioso,Bach - Arioso.gp5
Bach,Arpeggios,Bach - Arpeggios.gp5
Bach,Ave Maria,Bach - Ave Maria.gp5
Bach,Badinerie,Bach - Badinerie.gp5
Bach,Boure From Suite In E Minor Bwv 996,Bach - Boure From Suite In E Minor Bwv 996.gp5
Bach,Bourre In E Minor,Bach - Bourre In E Minor.gp5
Bach,Bwv 1001 Siciliana,Bach - Bwv 1001 Siciliana.gp5
Bach,Bwv 1002 Bourree,Bach - Bwv 1002 Bourree.gp4
Bach,Bwv 1002 Double,Bach - Bwv 1002 Double.gp5
Bach,Bwv 1004 Violin Partitia No 2 Allemanda,Bach - Bwv 1004 Violin Partitia No 2 Allemanda.gp5
Bach,Bwv 1006a Loure,Bach - Bwv 1006a Loure.gp5
Bach,Bwv 1006a Menuett,Bach - Bwv 1006a Menuett.gp5
Bach,Bwv 1007 Minuet 1,Bach - Bwv 1007 Minuet 1.gp5
Bach,Bwv 1007 Minuet 2 In D,Bach - Bwv 1007 Minuet 2 In D.gp5
Bach,Bwv 1008 Menuet 1,Bach - Bwv 1008 Menuet 1.gp5
Bach,Bwv 1008 Minuet 2 In A,Bach - Bwv 1008 Minuet 2 In A.gp5
Bach,Bwv 1012 Gavotte 1 In C,Bach - Bwv 1012 Gavotte 1 In C.gp5
Bach,Bwv 1012 Gavotte 2 In C,Bach - Bwv 1012 Gavotte 2 In C.gp5
Bach,Bwv 221 O Sacred Head Sore Wounded O Haupt Voll Blut Wunden,Bach - Bwv 221 O Sacred Head Sore Wounded O Haupt Voll Blut Wunden.gp5
Bach,Bwv 248 Keep O My Spirit,Bach - Bwv 248 Keep O My Spirit.gp5
Bach,Bwv 508 Be Thou With Me,Bach - Bwv 508 Be Thou With Me.gp5
Bach,Bwv 511 Gieb Dich Zufrieden,Bach - Bwv 511 Gieb Dich Zufrieden.gp5
Bach,Bwv 816 Gavotte,Bach - Bwv 816 Gavotte.gp5
Bach,Bwv 817 Gavotte,Bach - Bwv 817 Gavotte.gp5
Bach,Bwv 996 Allemande,Bach - Bwv 996 Allemande.gp5
Bach,Bwv 996 Corante,Bach - Bwv 996 Corante.gp5
Bach,Bwv 997 Lute Suite No2 In Cm Double,Bach - Bwv 997 Lute Suite No2 In Cm Double.gp5
Bach,Bwv 999 Prelude In Dm,Bach - Bwv 999 Prelude In Dm.gp5
Bach,Bwv Anh 132 Minuet,Bach - Bwv Anh 132 Minuet.gp5
Bach,Bwv Cantata 67 Chorale,Bach - Bwv Cantata 67 Chorale.gp5
Bach,BWV1006,Bach - BWV1006.gp4
Bach,Cello Prelude 1 In B Major,Bach - Cello Prelude 1 In B Major.gp5
Bach,Cello Suite 3 - Allemande - Guitar,Bach - Cello Suite 3 - Allemande - Guitar.gp5
Bach,Cello Suite No 1 In G Maj,Bach - Cello Suite No 1 In G Maj.gp5
Bach,Cello Suite Prelude,Bach - Cello Suite Prelude.gp4
Bach,Cello Suites,Bach - Cello Suites.gp5
Bach,Chaconne (From Violin Partita No.2),Bach - Chaconne (From Violin Partita No.2).gp4
Bach,Chorale In F Major,Bach - Chorale In F Major.gp5
Bach,Concerto Bwv 1041,Bach - Concerto Bwv 1041.gp5
Bach,Courante,Bach - Courante.gp4
Bach,Different Pieces,Bach - Different Pieces.gp5
Bach,Double 2 Sonata - Violin,Bach - Double 2 Sonata - Violin.gp5
Bach,Fugue In D Minor (bass),Bach - Fugue In D Minor (bass).gp5
Bach,Gavotte 1,Bach - Gavotte 1.gp5
Bach,Gavotte 1 E 2,Bach - Gavotte 1 E 2.gp5
Bach,Gavotte En Rondeau (From BWV 995),Bach - Gavotte En Rondeau (From BWV 995).gp4
Bach,Gavotte En Rondeau Suite Bwv 995,Bach - Gavotte En Rondeau Suite Bwv 995.gp5
Bach,Gigue - Bwv 996 - Lute Suite No1 In E Minor,Bach - Gigue - Bwv 996 - Lute Suite No1 In E Minor.gp5
Bach,Gigue (From Lute Suite No. 2),Bach - Gigue (From Lute Suite No. 2).gp4
Bach,Jesu Joy Of Mans Desiring,Bach - Jesu Joy Of Mans Desiring.gp5
Bach,Jesus que ma joie demeure,Bach - Jesus que ma joie demeure.gp4
Bach,Lauren Suite No 2,Bach - Lauren Suite No 2.gp5
Bach,Little Prelude In C Major,Bach - Little Prelude In C Major.gp5
Bach,March,Bach - March.gp4
Bach,Mass In B Minor - Agnus Dei,Bach - Mass In B Minor - Agnus Dei.gp5
Bach,Minuet In A Min,Bach - Minuet In A Min.gp4
Bach,Minuet in G,Bach - Minuet in G.gp4
Bach,Minuet In G Major,Bach - Minuet In G Major.gp4
Bach,Minuet In G Minor,Bach - Minuet In G Minor.gp4
Bach,Minute In G,Bach - Minute In G.gp5
Bach,Musette in D Major,Bach - Musette in D Major.gp4
Bach,Partita No 3 In E Major S 1006,Bach - Partita No 3 In E Major S 1006.gp5
Bach,Partita No 3 In E Major S 1006 Preludio,Bach - Partita No 3 In E Major S 1006 Preludio.gp5
Bach,Partita No Bwv 1004,Bach - Partita No Bwv 1004.gp5
Bach,Polonaise,Bach - Polonaise.gp4
Bach,Prelude - Bwv 999,Bach - Prelude - Bwv 999.gp5
Bach,Prelude In E From 4th Lute Suite,Bach - Prelude In E From 4th Lute Suite.gp4
Bach,Prelude No 1,Bach - Prelude No 1.gp5
Bach,Prelude No 1 Cello Suite,Bach - Prelude No 1 Cello Suite.gp5
Bach,Prelude No 2,Bach - Prelude No 2.gp4
Bach,Prelude No. 1 in C Major,Bach - Prelude No. 1 in C Major.gp4
Bach,Prelude To The First Cello Suite In D Major,Bach - Prelude To The First Cello Suite In D Major.gp5
Bach,Presto - Bwv 1001 Sonata No 1 In G Minor,Bach - Presto - Bwv 1001 Sonata No 1 In G Minor.gp5
Bach,Presto Sonata In Gm,Bach - Presto Sonata In Gm.gp5
Bach,Quia Respexit,Bach - Quia Respexit.gp5
Bach,Sarabande,Bach - Sarabande.gp4
Bach,Sarabande - Bwv 1002,Bach - Sarabande - Bwv 1002.gp4
Bach,Sarabande - Bwv 997,Bach - Sarabande - Bwv 997.gp4
Bach,Scherzo In E-Flat,Bach - Scherzo In E-Flat.gp5
Bach,Second Violin Sonata in a-minor. BWV 1003 - allegro,Bach - Second Violin Sonata in a-minor. BWV 1003 - allegro.gp4
Bach,Sheep May Safely Graze,Bach - Sheep May Safely Graze.gp5
Bach,Siciliano,Bach - Siciliano.gp5
Bach,Sleepers Awake,Bach - Sleepers Awake.gp5
Bach,Suite En Mi Prelude Bwv 1006,Bach - Suite En Mi Prelude Bwv 1006.gp5
Bach,Suite For Cello Unaccompanied No 3,Bach - Suite For Cello Unaccompanied No 3.gp5
Bach,Suite For Lute Bmv 996 Allemande,Bach - Suite For Lute Bmv 996 Allemande.gp5
Bach,Suite Nº1,Bach - Suite Nº1.gp3
Bach,Toccata No 4,Bach - Toccata No 4.gp4
Bach,Violin Solo No 1 In B Minor,Bach - Violin Solo No 1 In B Minor.gp5
Bach,Violin Sonata No 1 In Gm Fugue Bwv 1001,Bach - Violin Sonata No 1 In Gm Fugue Bwv 1001.gp5
Bach,Well Tempered Clavier Book 1 Prelude,Bach - Well Tempered Clavier Book 1 Prelude.gp5
